barcodes	tSNE_1	tSNE_2	cluster_id	id
AAACGGCTGCTTAG	-16.5025208417151	-3.81054799264118	1	1
AAACTTGACAACTG	12.6609222566717	-3.58410355905014	0	0
AAAGCCTGGTTGGT	-11.7327810090152	5.67472045173837	1	1
AAATACTGTTGCGA	9.9118472548893	-6.745890041164	0	0
AAATGGGATCCAGA	8.20497919007373	-0.800843804115018	2	2
AAATTCGACTCGAA	-17.579035422649	-13.7453747208458	1	1
AACAAACTACTACG	15.026795410315	11.7076614754672	0	0
AACAATACAAACGA	-15.2625336238925	-8.96910657361026	1	1
AACACTCTCCGCTT	-12.7610234747892	-3.33226760691111	1	1
AACAGAGAGTGTCA	-3.76806549433099	-2.11991133613102	2	2
AACAGAGATGCCTC	-11.7948684666639	2.17875824305403	1	1
AACCACGAGATACC	-8.95489008474231	-6.42343711622965	1	1
AACCAGTGGAATGA	-14.015409655866	-9.5508518007897	1	1
AACCCAGACCATAG	-8.79177444988965	-8.1351913552109	1	1
AACCTTTGTCACGA	-11.8693436427858	6.08354630938966	1	1
AACGTCGAGAAGGC	9.47862042784411	-2.13442513874189	2	2
AACGTTCTACCTTT	18.800030430742	7.8124062328768	0	0
AACGTTCTTATGGC	3.81139042483966	-2.26591735749594	2	2
AACTGTCTACGGTT	-15.6031296864215	-3.41460586370247	1	1
AAGAACGATACTCT	-1.51029215196354	-4.79081171155525	2	2
AAGAAGACCGGAGA	-3.44812416747968	-7.83339213070659	2	2
AAGATGGATGGAAA	6.94792961259982	9.57537221514411	0	0
AAGATTACCTGATG	-18.211710856761	-3.65702490464319	1	1
AAGATTACGTACCA	-20.559599587703	-1.21764104481334	1	1
AAGATTACTCCCAC	-3.49281087610952	-2.28027789222175	2	2
AAGTAACTGGACTT	12.7322477281221	-2.40524173236101	0	0
AAGTATACGCATCA	-3.16172238486719	10.4367323811846	0	0
AATAAGCTCTCATT	1.89315577082077	-1.06935330243353	2	2
AATAAGCTGAACCT	8.14283275831304	2.30507813330899	0	0
AATACCCTCCCACT	12.2942010149405	-2.93978220735064	0	0
AATCGGTGGAATAG	-13.0224707644409	-5.56753505838715	1	1
AATTGATGAAGGCG	6.27030272544027	-0.822229500787889	2	2
ACAATCCTGAAAGT	14.7736154919578	2.81988842454502	0	0
ACAGACACATCGAC	9.79833010655717	-1.83439189247275	0	0
ACATCACTCACACA	11.0772402127737	-2.36994490515943	0	0
ACCACCTGCGAATC	13.8852656815145	2.20750946008191	0	0
ACCACCTGTGGTAC	6.13254341638134	4.7639787085508	0	0
ACCACCTGTGGTTG	-13.0161686309548	-3.69726387609269	1	1
ACCAGCCTGCTCCT	17.2122350330467	6.22598412753599	0	0
ACCAGCCTGGTTCA	16.0961232757543	2.1776113744899	0	0
ACCCTCGAAAAGTG	4.75363061554874	8.8618193212716	0	0
ACCGAAACGAGATA	-10.3004195332362	-9.08983655512984	1	1
ACCGCGGACGTGTA	-5.85487761153832	-0.57102099706649	1	1
ACCTCGTGGAAAGT	-18.2812277484914	-5.90383347893717	1	1
ACGACCCTTCCTTA	14.4151444840114	8.26664611447266	0	0
ACGCAATGAGGAGC	16.812518890753	9.22435739578502	0	0
ACGCCACTACTGTG	10.6978551154901	0.74454901533057	0	0
ACGCCTTGTCAAGC	7.70734053538968	7.55696393372158	0	0
ACGCTCACCCTTGC	-15.81303641146	-3.70992406024971	1	1
ACGTAGACAAGATG	-3.27403247363578	10.3712508305893	1	1
ACGTTACTAGAGAT	-10.6645076467014	-1.26197871836642	1	1
ACTAGGTGCCTCGT	9.57898819137727	2.71451685207803	0	0
ACTCAGGATGTCCC	-12.9418650825176	-10.1736772661402	1	1
ACTGCCACTCAGGT	-0.933730837346296	-4.81090438266685	2	2
ACTTCAACGCAGTT	-2.18490144599173	-11.0422504101286	1	1
ACTTGACTTCCCAC	-5.8068691254404	-2.19336836375815	1	1
AGAAACGATCGTTT	9.30571530180391	-0.794456923181637	0	0
AGAAACGATTCCAT	-15.2611681985043	-5.64460880084491	1	1
AGAATGGATCTCCG	4.52022024369306	2.58093617827772	2	2
AGACACACTCCTGC	-19.532158692525	-2.18140707659634	1	1
AGAGCTACGTTAGC	7.90765853322404	-1.76661906772477	2	2
AGAGTCACGCGTAT	-6.96779269480299	-0.301056502477541	1	1
AGATTAACCGAGAG	-7.48048199941032	-3.58616138491277	1	1
AGATTCCTAACCAC	-3.10729252519878	-7.01136557453472	2	2
AGCAAAGAGTTGCA	-12.2200697106681	4.52842214711155	1	1
AGCACAACCCTGTC	12.2336349757378	10.2286965298578	0	0
AGCCAATGCTGTGA	-1.21742945156672	-4.60358669413757	2	2
AGCCGGTGCTAAGC	8.70554460897408	4.75322503448997	0	0
AGCGATTGCAAGCT	6.39061397339043	5.77683747030678	0	0
AGCGCCGACGGTAT	15.3158290165536	8.69517726435074	0	0
AGCGGCTGCATGAC	0.00875498925289802	-2.92108232746995	2	2
AGCGGCTGTGTCCC	7.03219440489451	-3.03097614757835	2	2
AGCGTAACTCCTTA	-11.2893579636761	0.771114243739757	1	1
AGCTGAACACGCAT	-19.4437328184925	-1.69859053432465	1	1
AGCTTACTCGTGAT	-5.78136317945127	-5.02842457687025	1	1
AGGAATGATGGTCA	-11.9796246733932	-10.5278352874248	1	1
AGGACACTAAGAGT	19.7188815376563	8.48126698758654	0	0
AGGATGCTTGACAC	-5.9617385369673	0.547610161349678	1	1
AGGCAACTCGACTA	-17.2226507341805	-7.70412152474159	1	1
AGGCCTCTTCCTTA	2.89725733921451	-9.40200110846994	2	2
AGGCTAACAGGGTG	4.37520798777109	12.0913631377146	0	0
AGGTACTGTGCCTC	-10.3997776981834	-9.23502497766928	1	1
AGTAATTGTTCTAC	4.87703799185311	5.86294013647872	0	0
AGTACGTGCGGTAT	-14.3708632438475	-7.15371525060645	1	1
AGTACTCTTTAGGC	-15.3042374045451	-8.8198036577352	1	1
AGTAGAGATATGGC	14.3138473275956	6.61746457380551	0	0
AGTATCCTGCAGAG	16.2815527997914	10.1918570782756	0	0
AGTCGCCTTGGCAT	4.20110014521596	10.4816150894437	0	0
AGTCTACTTGTCAG	7.00723291909794	-3.48114546717912	2	2
AGTGACTGGTTGGT	-1.1907013350094	-11.2451853016679	2	2
AGTGTTCTGGACTT	-15.2262424267246	-11.3328673855717	1	1
AGTTAAACGTTCTT	-3.82887315029535	-5.09173183136639	2	2
ATAAGTACCCCTAC	11.0845966428664	1.46551211892101	0	0
ATAAGTTGAAGTAG	-0.574046963164797	-2.95864400017814	2	2
ATAATCGATGATGC	3.72655360189212	2.72103114632717	2	2
ATACCTACCCGATA	-15.4024124437348	-7.3287660507909	1	1
ATAGCCGATTTGTC	-6.17490812384991	-7.79972489234719	2	2
ATAGCGTGCAAAGA	-16.2773287084504	-5.37048375697854	1	1
ATAGCGTGCTAAGC	-19.8348578852345	-3.59909594139722	1	1
ATAGCTCTTCCTTA	-17.9267151115491	-5.10254263032778	1	1
ATAGGCTGTCCGAA	9.82964772436761	11.1230433308823	0	0
ATATACGACTAGAC	-16.645456824822	-8.9018453840108	1	1
ATATAGTGGTACAC	5.42373680601649	-7.81105982413859	2	2
ATATGAACACGTGT	5.16834241245539	9.13212366849026	0	0
ATATGAACTCGTGA	-1.86313621719285	0.270080851377856	2	2
ATATGCCTTCTCCG	7.24930799931598	8.64423018235721	0	0
ATCACACTCGGTAT	-12.0479729843153	-3.34608236291956	1	1
ATCATCTGGTCACA	-7.12275035960871	2.98399922695563	1	1
ATCGGTGAAGTCAC	-2.04308968698795	-11.2982131628427	1	1
ATCTACTGGCGAGA	-14.7078849869747	-7.0455278146083	1	1
ATCTCAACCGATAC	-12.5814559622975	4.40410493753545	1	1
ATCTGTTGTCATTC	9.02302040429353	-0.0692172709342274	0	0
ATGAAACTGTCGAT	5.72693295899844	7.49202812883329	0	0
ATGAAGGAAAACAG	16.2696279739948	6.69886832818525	0	0
ATGAGCACAGAATG	12.0758976386055	2.71069189993456	0	0
ATGCCAGATCCTCG	0.46621059713416	-6.42953230135134	2	2
ATGGACACAGCAAA	13.0828640745677	7.37220603009695	0	0
ATGGGTACTCATTC	-0.286191652159696	-3.10729505649452	2	2
ATGGTGACATGCCA	8.84333568043006	8.49487989315536	0	0
ATGGTGACGTTACG	-4.54795305894938	-5.99750256895959	2	2
ATTACCACTGTCCC	-19.0284924329955	-7.05227674253416	1	1
ATTAGATGAGAGAT	-11.1778143719262	-1.26891618987992	1	1
ATTCAGCTTGCAGT	-19.6460572990991	-5.65580032842023	1	1
ATTCGGGACGTTGA	3.10879434476115	-5.54483691737904	2	2
ATTCGGGAGGTGAG	-0.896994507304354	-6.66593290682098	2	2
ATTGGGTGCGCAAT	-0.0643795661499236	-1.99931470511252	2	2
ATTGGTCTTAGACC	6.4706884121747	8.36875794526303	0	0
ATTGTCTGACTAGC	-16.6878884241755	-4.16545869403519	1	1
ATTGTCTGCGTAAC	-12.1872554395534	-5.13726607834333	1	1
ATTTCGTGAGCAAA	5.11299950056084	9.80986536437675	0	0
CAAAGCACCTACTT	-16.9735093102064	-4.00510835605516	1	1
CAAAGCACCTAGTG	-18.3188803000782	-3.80883913448501	1	1
CAACGTGAAGCAAA	8.11819998061499	5.60081062611668	0	0
CAAGGACTGGTAAA	-8.64962507923605	-6.91739833875737	1	1
CAAGGTTGTCAAGC	-5.15093406796703	-3.38037434736459	2	2
CAATGGACGTTGAC	-16.70201976897	-11.6772046327518	1	1
CAATGGACTAGCGT	8.21478469539326	-3.81380589579781	2	2
CACACCTGCCAGTA	17.4624992252445	12.2574231840272	0	0
CACAGCCTGTATCG	-5.42983797650282	-0.897277784805076	2	2
CACAGTGAGAGCAG	14.88773999159	12.3392628036367	0	0
CACATACTTTCAGG	-10.6305709694232	-6.07231636176988	1	1
CACATGGATTTGTC	-17.6079565556018	-11.0694023417689	1	1
CACCTGACTCTTCA	-18.2816652564917	-6.34287251522909	1	1
CACGATGATGTAGC	5.65215863811632	5.57613182087333	0	0
CACTAGGACTTGAG	5.40382840481115	4.95624785547287	0	0
CACTCCGAGTGAGG	9.75295436347507	-3.23406800438439	2	2
CACTTAACGGAGCA	5.4216651140856	2.86211699017063	0	0
CAGAAGCTATGCCA	15.4479842615227	6.49776581878799	0	0
CAGAAGCTTTCCAT	5.32470243596401	-7.92904323169415	2	2
CAGACATGGGTTTG	13.0149825091516	-3.80115637567118	0	0
CATAAATGGTAAGA	10.4415969609975	9.54527306132849	0	0
CATATAGAAGTCGT	-15.1976048271963	-11.2298859952712	1	1
CATCGCTGGCGATT	13.2114276523926	-1.7823021481235	0	0
CATGCGCTGTTTGG	-11.1140617625951	3.26689336215718	1	1
CATGTTACTCTAGG	18.6588597887475	8.81578063549569	0	0
CATTAGCTTGACAC	11.9923819120897	9.55943931518264	0	0
CATTCCCTCACACA	6.9976329422634	-2.65741341066875	2	2
CATTGACTCATACG	12.6200942041428	8.40092930384354	0	0
CATTTCGAAGAGGC	-12.8966587468514	4.30364293489998	1	1
CCAACCTGGGATCT	-3.19514065328056	10.3939816418465	1	1
CCAAGAACCCTGAA	-10.1017693709362	3.62619462329159	1	1
CCAATGGAGTTCGA	-15.9989752986847	-3.45792598768569	1	1
CCACGGGATGGTTG	8.26410133489507	1.22736410282183	0	0
CCACTGACCACACA	-6.88034910443185	0.545419464994765	1	1
CCAGACCTTGACCA	-12.0883962935873	-4.67741673604933	1	1
CCAGGTCTAGCCTA	-5.07878846712045	-2.91320789956607	2	2
CCAGGTCTCCCGTT	-11.9626723602657	4.492349410953	1	1
CCAGTGCTGTAAGA	0.724461158924312	-7.02849121935699	2	2
CCATAGGATGCTGA	2.10329645956402	10.7209832821745	2	2
CCATGCTGCTTCTA	3.32762476508921	10.7686497664059	0	0
CCATTAACCTGTGA	-1.07777278677793	-9.19887097222853	2	2
CCCACATGTTACTC	16.1443085915865	8.0328538165024	0	0
CCCAGACTAAGTAG	2.94995585987761	-7.88810277975228	2	2
CCCATCGAATGGTC	-12.8426058259295	-4.7514157721051	1	1
CCCGAACTAGCGGA	-17.1301677184953	-7.80805670474726	1	1
CCCTACGATCTTAC	16.8467344615399	10.4425830071581	0	0
CCGCGAGACTGTCC	-3.84428909750451	-6.48760102784296	2	2
CCGTAAGACAGGAG	18.4065565101161	7.30389203890082	0	0
CCTAAACTAGACTC	-12.5281254877285	1.36247364669138	1	1
CCTACCGAGCCATA	12.5613833822963	5.2654960595208	0	0
CCTGACTGAGGTTC	13.010451319746	10.5163199082908	0	0
CGAACATGTAACCG	-15.8429723179313	-4.913141985327	1	1
CGACAAACCTGATG	2.93252231231815	6.4241088041326	0	0
CGACCGGATGCATG	17.196988125002	10.8041430008216	0	0
CGACTCACTCTAGG	2.17253095440048	-0.617249513540715	2	2
CGAGGAGATGTGAC	15.7188423940554	8.74315613561127	0	0
CGAGGCACCAGGAG	-12.3527646787573	1.13273621749072	1	1
CGCAGGTGGATAGA	12.3680404326746	6.62210965133419	0	0
CGCAGGTGTAGCGT	-12.7295005329872	3.65007738558037	1	1
CGCGAGACACAGTC	12.1163256199545	7.84736937402995	0	0
CGCGAGACCCCACT	14.7005165648198	1.49508332293707	0	0
CGGAATTGCGGTAT	1.09878344775769	-6.7066155445271	2	2
CGGACCGAGTAGCT	-14.6878931517803	-5.84595238827218	1	1
CGGACTCTGATGAA	-17.2030016250091	-5.9532014871779	1	1
CGGAGGCTGGAAGC	0.203951665220307	-8.50060714979595	2	2
CGGCATCTACCACA	5.43804167968595	5.69396956410232	0	0
CGGTAAACACACAC	16.3204626084029	7.66952342098003	0	0
CGGTAAACAGCAAA	15.2536258504837	-0.0466021184415517	0	0
CGGTAAACAGCTAC	14.2744892758574	-0.908392613454537	0	0
CGTACCTGATGCTG	-11.3708031513227	-4.94877741623146	1	1
CGTCGACTGGAACG	5.62378611736407	6.39696583257618	0	0
CGTGAAACCTCTTA	-7.45172421200543	-7.74788663110235	1	1
CTAAACCTGAAGGC	-3.30128023117639	7.77834042175344	2	2
CTACGGCTTTTCGT	12.0337495839734	3.27364355763085	0	0
CTAGATCTTCTTAC	-13.7690079264605	-10.5940996146792	1	1
CTAGTTACCCTCGT	-21.0732516429076	-4.77360857986611	1	1
CTAGTTTGACGTTG	-0.323404488525227	-4.7200052435376	2	2
CTATAAGATCCCAC	-11.8919401591462	-4.97853718592374	1	1
CTCGACACTCGCTC	-0.316071875913946	-6.42835055895865	2	2
CTCGACTGCTTTAC	2.2837054811916	7.25270125167664	0	0
CTCTAATGATCGTG	8.57045403058432	-1.5346082985812	2	2
CTGAAGTGCAGAGG	4.84181610801137	2.1411692019115	2	2
CTGAATCTACCGAT	-1.17323459984208	-1.79590991187977	2	2
CTGAATCTCGAGTT	-18.7425937583774	-1.28319893086793	1	1
CTGACAGACGCATA	7.16402176256698	-0.134526073441853	2	2
CTGAGCCTACTCTT	2.90099029843009	-8.47256132454646	2	2
CTGATTTGTTCTCA	14.1992298176004	11.1760381964318	0	0
CTGGCACTTAAGCC	12.8728114892781	6.58647066422559	0	0
CTTAACACGATAGA	-3.31001066880408	-7.87434279808186	2	2
CTTACAACCCCAAA	11.008505325398	2.37384530637764	0	0
CTTACTGAGGCGAA	-9.49087163251997	-7.3900560472703	1	1
CTTAGGGACCTAAG	-4.82948248143798	3.529893042457	1	1
CTTCACCTAGCCTA	15.7716113148824	12.7229513457528	0	0
CTTCACCTTGGAGG	16.084855962756	2.26494136632558	0	0
CTTCATGAACCTAG	-7.23298163425495	2.80361666886907	1	1
CTTGAACTTTGTGG	-5.22722821011697	-2.44506614383896	2	2
CTTGTATGTAAGCC	14.1571709334076	2.66000832400002	0	0
GAAATACTCCTTGC	7.67762651745521	1.89514433899007	0	0
GAAGCTACCGTACA	14.4848646896242	-1.8302942169727	0	0
GAAGCTTGACTCTT	9.82592418789085	1.6473984591125	0	0
GAAGGGTGCCGATA	-5.44505793792552	-3.10885810558637	2	2
GAAGGGTGGTTGAC	14.5881476039176	11.4784819463354	0	0
GAAGGTCTCCCTCA	14.6729611979814	-1.00014068889631	2	2
GAAGTAGAACCTAG	-12.7902141028262	2.5613343709498	1	1
GAAGTCACGGTTTG	4.80280305616047	6.67774667588872	0	0
GAATGCACACCTTT	-8.91705790816555	-2.87373434246777	1	1
GAATGCACTGCTAG	1.52650840432683	-7.25498940711367	2	2
GAATTAACTTCATC	-4.18138366234413	-5.95702681022363	2	2
GACAACTGGAGGAC	-20.4644176368435	-1.2516223939645	1	1
GACAGTACGATACC	-2.82932107895258	-3.66636926224924	2	2
GACAGTTGACGGAG	8.95452023582683	11.8221200375653	0	0
GACCTCACTGTTTC	11.5065976906969	6.74794444736938	0	0
GACGAGGAAACTGC	-12.9967231484823	-10.1826089798033	1	1
GACGAGGATTTGTC	-9.60966962440275	-4.95653849823649	1	1
GACGTCCTTTCCAT	-13.6546891196441	-6.74240127474297	1	1
GAGAGGTGTTTGTC	-6.92059266984922	-3.7256667972325	1	1
GAGCGAGACCGATA	19.1531279929297	8.62359334760393	0	0
GAGGTGGATAGAAG	0.49019214551235	-1.2470998666283	2	2
GAGGTTACTCTCAT	14.7498345728105	2.6310286872762	0	0
GAGTACACTCTTTG	2.84503184842217	-0.637640630572042	2	2
GAGTGTTGAGATGA	-7.9741695094016	-3.33806931005918	1	1
GATAAGGAATGGTC	7.21670384342077	11.7435960571318	0	0
GATAATACGTGAGG	-7.40315935057668	-1.25516843811167	1	1
GATATATGGGAGTG	-15.3200197316074	-5.01099613979606	1	1
GATCATCTCTGTAG	-15.4335247919936	-1.03480966887114	1	1
GATCGAACGGTTCA	4.88868098438899	3.40154002761547	0	0
GATCTTACTGGATC	-16.4866723370042	-2.52504183590731	1	1
GATGCAACAGGAGC	14.6117195948155	6.12336405390511	0	0
GATGCATGGACTAC	3.17321436973798	-4.28045696744231	2	2
GATTCGGAACCAAC	16.9704523690571	9.32571413499196	0	0
GATTCGGACGTCTC	5.1785808115843	11.9499336289558	0	0
GATTCTTGGAGATA	-5.97579915145115	-5.31272762930966	1	1
GATTGGACCTTAGG	3.01244042215137	6.62459389466287	0	0
GCAACCCTTGCGTA	1.90319935996343	-1.66254585051354	2	2
GCACGGACTGGTCA	9.40461615139918	-2.82274358693726	0	0
GCAGTTGACAGATC	10.7320180778706	5.1660168533894	0	0
GCCACTACGATAGA	-17.5988901976366	-13.8612524184181	1	1
GCCCATACAACCAC	-17.8278798225686	-2.21565465435307	1	1
GCCTACACCACCAA	-0.466771020010466	-0.672598490671073	2	2
GCGAAGGATCGTTT	-0.781636953992517	-3.6157191201392	2	2
GCGAGAGATCGCAA	-3.02796159859682	-4.72850443061239	2	2
GCGCATCTAAACGA	-12.6740351234941	-4.46640428441204	1	1
GCGCGATGCGGGAA	12.387329675339	-1.60231922697879	0	0
GCGTAAACTTTGTC	7.40976826213472	3.16891929572887	0	0
GCGTACCTCTGAAC	10.9882023393986	7.0653482940571	0	0
GCGTATGACTGTGA	-4.19161802832839	-3.1179160489274	2	2
GCGTATGAGAGCAG	-4.40140552862064	-6.59217139463785	2	2
GCTACGCTCATTCT	-5.36251520402441	-1.91701300590447	1	1
GCTGATGAGTGAGG	-16.0409890613096	-11.5445308724559	1	1
GCTTAACTCGTAGT	7.32664656637494	0.0625131150644409	2	2
GGAACACTGCGAAG	-8.89079514777412	-2.55553299398597	1	1
GGAACTACGAACTC	18.3383953396678	10.2730676606398	0	0
GGAAGGACTTCTAC	1.26249331245917	-7.97919730277445	2	2
GGACAGGAGCCTTC	2.17321371365409	10.5934793072651	2	2
GGACCCGACGGAGA	-10.8463413629854	0.378171469934762	1	1
GGACGCTGGAACCT	-21.613046171474	-4.95126866864725	1	1
GGACGCTGTGAGGG	-13.4244517336478	-9.17872625022776	1	1
GGAGCAGAAGAATG	11.4735091697315	8.83345933544469	0	0
GGAGCAGAAGGCGA	0.448202528525294	-3.62698390055072	2	2
GGAGCAGAGGTTTG	9.97479990588688	9.4117337321096	0	0
GGAGCCACCCTCGT	7.89208167646113	-2.98839104254938	0	0
GGAGGTGAACCTAG	-12.1956051645555	-7.83086810369436	1	1
GGAGTTACGGAACG	7.99139516152605	4.19854209854078	0	0
GGAGTTTGAGAGTA	16.8661452133227	5.18922452107382	0	0
GGATACTGTGTCAG	-4.51725691860523	3.52487258996485	2	2
GGATAGCTCCGTTC	-11.9779897736332	-8.00981824967863	1	1
GGATAGCTGTCACA	1.92903023180077	-3.34947117436005	2	2
GGCCGATGGACAGG	11.9258629504417	-3.67489830781245	0	0
GGCGACACGCTTCC	-12.562450647292	-3.77770772295093	1	1
GGCGGACTTAAAGG	12.8430340645872	4.23689807255512	0	0
GGCTACCTAAGGCG	-3.07786228559333	8.45190676241501	0	0
GGCTCACTACTACG	1.51110429042315	-4.28714025823639	2	2
GGGACCACGATAAG	-16.9642920588355	-2.65278599411348	1	1
GGGCACACTGCTTT	4.44857153459358	-2.22621828105777	2	2
GGGTTATGTCGACA	-6.43594748867447	-7.74314110290635	2	2
GGTAAAGATGCCAA	11.7669298054932	6.03342681810731	0	0
GGTGGAGATCTCGC	8.49326276514105	1.85280772777219	0	0
GTAAGCACTCGTTT	-0.538905935791331	-8.34385890393501	2	2
GTACAGTGCGTGTA	2.93723373519058	-3.46315774650258	2	2
GTAGACTGTGTCCC	-3.05244657569925	-3.97077421472908	2	2
GTAGACTGTTTGGG	13.7455926900318	6.82157460817888	0	0
GTAGCATGATGCCA	0.16729167805062	1.6983160224	2	2
GTAGCCCTTCTGGA	5.15057786141542	7.37361720825851	0	0
GTAGTGACTCAAGC	12.6655206981263	10.5624825856839	0	0
GTAGTGTGACTCTT	12.941605164133	9.70126333770071	0	0
GTATCACTGCCTTC	-19.6922404913251	-3.02427129881998	1	1
GTCAACGACTCGAA	17.4509944854303	12.2460491363717	0	0
GTCCAAGAAGCCAT	-1.53851101674675	-0.974032238136837	2	2
GTCCACTGGTCCTC	14.3432875383551	11.5883074507042	0	0
GTCGAATGGCTGAT	0.81395352257669	-2.11179805381617	2	2
GTGATTCTCATGGT	-9.74347696598113	-5.69491407060117	1	1
GTGCCACTCATTTC	-2.8218320969309	-7.78695671328264	2	2
GTGCCACTTCCTCG	-10.1861317392329	-2.86909165451001	1	1
GTGTACGAGTAGCT	12.731849809608	3.47596709363702	0	0
GTGTATCTCCTCGT	6.09966522530026	5.78247214386062	0	0
GTGTGATGGACGAG	1.71313399109673	10.2991470036301	2	2
GTTAACCTAGGCGA	2.09355942494041	-1.37783281467981	2	2
GTTAACCTTCTGGA	8.97327531250527	0.249229534677954	0	0
GTTACTACCAAAGA	-18.6210980663128	-5.74418911630832	1	1
GTTAGGTGAGGCGA	-10.929364626779	1.52312534062557	1	1
GTTATAGATTGCGA	-6.88246497593449	-7.7423571464006	1	1
GTTCATACTGTTCT	17.7834558211822	8.35286043684316	0	0
GTTGACGACTAGTG	-10.0601557343837	-3.69989782257535	1	1
GTTGTACTACCTTT	7.35588472163065	-0.510340484987291	2	2
GTTTAAGACTTATC	4.34828545629564	-6.76089719492997	2	2
TAAAGTTGCCCGTT	16.5660377887955	0.439536171093602	0	0
TAAATGTGAGCTCA	11.3732069643813	2.73062454340382	0	0
TAACAATGTCCAAG	-9.21467253450393	-3.22456117853825	1	1
TAACTAGATGCACA	5.97733278390083	12.0241289137435	0	0
TAACTCACCGTCTC	2.8736559500832	6.90889260430625	0	0
TAAGCGTGATCTCT	-0.89457796693123	-7.66456918124872	2	2
TAATCGCTCCGTTC	-7.27438903510564	-0.117669560582622	1	1
TACTACTGTCGTAG	-7.07342491497768	2.97902130942065	1	1
TAGAAACTTTCACT	10.5621724309292	6.57617787234857	0	0
TAGAGAGAGACGGA	-15.3656782060476	-9.68152435863061	1	1
TAGCATCTTATCGG	2.81729565171115	-6.40293025206045	2	2
TAGCGATGTGCAGT	9.40674011787502	4.20361590912479	0	0
TAGGAGCTACTCTT	-4.40512947288933	0.962297707998835	1	1
TAGGCATGGCAGTT	-13.8985839056693	-7.22374459290472	1	1
TAGGTGTGTATTCC	8.93679913396017	-2.00174078345734	2	2
TAGTAAACGCCAAT	-12.13192028681	3.15453293428467	1	1
TAGTTAGATACAGC	-11.4562372394122	2.83811252145065	1	1
TATAGATGTTTCTG	-17.3261222385839	-12.3155860786958	1	1
TATAGCCTCATTCT	0.572278072679498	-5.7747489748972	2	2
TATCAGCTCGAGTT	9.31052244888923	7.2305920966637	0	0
TATCCAACAGTTCG	14.766638401887	10.7799628264149	0	0
TATCCAACTGCCCT	5.02670062513302	-2.43222252571273	2	2
TATCTCGATTTACC	13.9220916779092	9.30135067283042	0	0
TATCTTCTCGCAAT	1.48186888052645	-5.71763910998971	2	2
TATGAATGTCAGGT	-11.1298260835634	1.82006466368986	1	1
TATGCGGACATTCT	12.4712324750014	7.14142472162766	0	0
TATGGGTGTTTGGG	-13.5587608665076	-6.87808113962227	1	1
TATGTCTGGTTAGC	-14.8832018366815	-2.73293442975002	1	1
TATGTGCTTTGAGC	-11.0896541284151	2.25696377552633	1	1
TCAACACTATCGGT	3.04376379340325	-8.16518901182833	2	2
TCACATACGTCTTT	-15.8238380908115	-2.57859544065196	1	1
TCACGAGAGAGAGC	-3.31829075261181	-8.07289542397603	2	2
TCAGTTACGGAGGT	8.80416643908515	8.36089777865203	0	0
TCATCATGCCTGAA	-11.0688380428488	-10.8605801365114	1	1
TCATCCCTCACAAC	7.27706385798545	7.58088764761705	0	0
TCATTCGAAGTAGA	-15.3316497055756	-3.98521460099125	1	1
TCATTGACGTCTGA	13.3104593332479	9.47074289749932	0	0
TCCATCCTCTCTCG	4.33813908731167	-7.30395497764774	2	2
TCCATCCTGCATCA	14.3461361185693	0.391942971352796	0	0
TCCGAGCTGCTATG	-0.636629969824573	-0.455365042938473	2	2
TCCGAGCTTTTGGG	14.2425163147774	4.26547106015112	0	0
TCGACCTGATCACG	-4.31728771880604	-8.33587337209409	2	2
TCGACCTGCGACAT	9.41324864601247	9.88246324123334	0	0
TCGACGCTCGGGAA	-5.66345474243515	-2.53013352100874	1	1
TCGCACACATCGTG	2.79195498711833	-5.70999659628601	2	2
TCGCACTGGAATAG	-9.68230041640487	-5.05691108702958	1	1
TCGCACTGGTTGAC	16.8944249142362	0.529494437319381	0	0
TCGCAGCTCCTACC	-11.1714788703166	-2.95966945691443	1	1
TCGGCACTAAGTGA	8.01594906247294	12.1178663587408	0	0
TCGGCACTTTCGCC	8.82758955194993	7.13196083215981	0	0
TCGTAGGATCAGTG	12.6283059583986	7.34479211565605	0	0
TCGTTATGCGCAAT	14.4679246104402	9.07247649538459	0	0
TCTAACTGCGTACA	7.80010671083753	5.22406410541583	0	0
TCTCAAACACCAGT	-17.881364939545	-2.92846800785292	1	1
TCTTACGAGTGTCA	-7.75990072457548	0.280000375113295	1	1
TGAACCGAAAAACG	9.6097476379156	6.4099009339898	0	0
TGAAGCACAGACTC	-5.49258897549625	-4.91183182450619	2	2
TGACACGAGGTAAA	-3.32752973425967	-5.31948770827718	2	2
TGACACGAGGTGAG	3.49796823886879	-4.35992347242432	2	2
TGACCGCTGGTATC	17.3930976417108	10.3254420814128	0	0
TGACTTACGAAGGC	9.83586143784307	6.48696555472786	0	0
TGACTTTGGCAGTT	13.0201957645663	9.4727509694298	0	0
TGAGGTACATCTTC	3.06101685071658	-6.78629579635492	2	2
TGATAAACTTGCGA	-0.650708919377632	-8.17154463358043	2	2
TGCAAGACGGTAAA	11.6419655274663	5.1650982839844	0	0
TGCAAGTGTGTCCC	8.87611298005867	2.32707164229684	0	0
TGCCAAGAACTCTT	-11.0386252627136	-1.79413414840523	1	1
TGCCGACTCCTTTA	7.05988478084226	7.98398382057371	0	0
TGGAAAGACTTACT	-3.01930509907024	9.26949354970482	1	1
TGGACTGATTCCGC	-3.88210787528377	1.1047340614374	2	2
TGGATGACTCGACA	-14.0564436042816	-7.17212199459734	1	1
TGGATGTGTAGACC	10.246282747853	1.8178722036029	0	0
TGGTAGTGCTAGCA	-11.2644960042801	-7.00161112011874	1	1
TGGTCAGAAGCAAA	7.29125602666092	2.24492129822406	2	2
TGTAACCTCCTACC	9.78944354171135	8.36713149028558	0	0
TGTAACCTCGCCTT	-3.73889040929342	9.76238867765594	1	1
TGTCAGGACTTGAG	2.62589044455365	5.72535734997195	0	0
TGTCTAACCCAGTA	-5.17897525936464	0.677799241027898	1	1
TGTGAGACTGACTG	3.08188879101904	7.47125951763106	0	0
TGTGATCTAGTGTC	-0.0225867140459571	1.77984430344862	2	2
TGTGATCTCCCTAC	-11.0335347486328	-1.71204716999834	1	1
TGTTAAGAACACTG	8.15207807887452	-1.6224268758117	2	2
TTACACACGATAAG	12.9344980471185	-2.35345971513592	0	0
TTAGACCTTCTTAC	-14.9829171700757	-7.56421925027272	1	1
TTAGGGTGCTCGCT	16.815304004327	9.20246258734584	0	0
TTATTCCTCACTGA	-15.7516270544711	-6.2189204556361	1	1
TTCACAACCTACTT	-13.9497266980921	-4.31389482003453	1	1
TTCACCCTTTTGCT	15.1502377985248	-0.1818608992402	0	0
TTCAGACTGTCAAC	1.23249083969242	-1.73105650012803	2	2
TTCATGTGCGTTGA	6.14803149603299	7.97993256570052	0	0
TTCCAAACTCACGA	-16.9673935531981	-5.40078807126089	1	1
TTCCATGAGGAACG	12.9349178569579	3.0169984139874	0	0
TTCCCACTAGCGGA	7.49656251224124	-3.70492500602249	2	2
TTCCCACTTGGTCA	-0.517299154209701	-6.35449667150229	2	2
TTCGAGGAGAGGTG	-2.59556534059307	-10.8541495000117	1	1
TTCTAGTGCCGAAT	-1.85795608609188	-0.834589683691061	2	2
TTTAGCTGGAGGAC	-14.2907270732982	-10.8182695375654	1	1
TTTCGAACAAGAAC	7.51470679622249	11.4525819522379	0	0
